Index	Season	Lv	NeedEXP	FreeReward	FreeNum	RewardType	PayReward	PayRewardType	PayNum	StageReward	GrandReward	BuyLevel	FreeShowType	PayShowType	FreeActor	FreeActorSkillName	PayActor	PayActorSkillName	FreeSpecialReward	PaySpecialReward	Unnamed: 21	Unnamed: 22	Unnamed: 23	Unnamed: 24
序号	赛季	通行证等级	升级需要经验值	免费物品ID	数量	奖励类型（1.普通奖励  2.定制商店奖励）	付费物品ID	付费奖励类型（1.普通奖励  2.定制商店奖励）	数量	阶段奖励(1展示，0不展示)	大奖预览（1普通，2付费，支持1#2）	买等级	显示类型(1图片，2图片+特效，3模型）	显示类型(1图片，2图片+特效，3模型）	actor名字	模型动作	actor名字	模型动作	使用特殊的领奖表现(1大奖，0)	使用特殊的领奖表现(1大奖，0)				
Index	Season	Lv	NeedEXP	FreeReward	FreeNum	FreeRewardType	PayReward	PayRewardType	PayNum	StageReward	GrandReward	BuyLevel	FreeShowType	PayShowType	FreeActor	FreeActorSkillName	PayActor	PayActorSkillName	FreeSpecialReward	PaySpecialReward				
1	1	1	1000	60102	10	1	60402	1	1	1	2	20	1	2	#	#	#	#	0	1	号角	10.0	霓虹刀光	1.0
2	1	2	1000	60212	1	1	60217	1	1	0	2	20	1	1	#	#	#	#	0	0	经验翻倍6h	1.0	快速复活24h	1.0
3	1	3	1000	60102	10	1	60306	1	1	0	2	20	1	1	#	#	#	#	0	0	号角	10.0	火剑Ⅰ	1.0
4	1	4	1000	60101	10	1	60101	1	15	0	1	20	1	1	#	#	#	#	0	0	钥匙	10.0	钥匙	15.0
5	1	5	1000	60102	10	1	60102	1	50	0	0	20	1	1	#	#	#	#	0	0	号角	10.0	号角	50.0
6	1	6	1000	60202	1	1	60213	1	1	0	1	20	1	1	#	#	#	#	0	0	生命值强化2h	1.0	道具特权24h	1.0
7	1	7	1000	60102	10	1	60102	1	10	0	0	20	1	1	#	#	#	#	0	0	号角	10.0	号角	10.0
8	1	8	1000	60103	1	1	60103	1	1	0	0	20	1	1	#	#	#	#	0	0	黄金宝箱	1.0	黄金宝箱	1.0
9	1	9	1000	60101	10	1	60101	1	15	0	0	20	1	1	#	#	#	#	0	0	钥匙	10.0	钥匙	15.0
10	1	10	1000	60406	1	1	60356	1	1	1	1	20	1	1	#	#	#	#	1	1	秀肌肉	1.0	保护Ⅲ	1.0
11	1	11	1000	60101	15	1	60101	1	20	0	2	20	1	1	#	#	#	#	0	0	钥匙	15.0	钥匙	20.0
12	1	12	1000	60206	1	1	60102	1	10	0	0	20	1	1	#	#	#	#	0	0	经验翻倍2h	1.0	号角	10.0
13	1	13	1000	60102	10	1	60103	1	2	0	0	20	1	1	#	#	#	#	0	0	号角	10.0	黄金宝箱	2.0
14	1	14	1000	60101	15	1	60101	1	20	0	0	20	1	1	#	#	#	#	0	0	钥匙	15.0	钥匙	20.0
15	1	15	1000	60102	10	1	60317	1	1	0	0	20	1	1	#	#	#	#	0	0	号角	10.0	铁锭Ⅰ	1.0
16	1	16	1000	60101	15	1	60101	1	20	0	2	20	1	1	#	#	#	#	0	0	钥匙	15.0	钥匙	20.0
17	1	17	1000	60205	1	1	60306	1	1	0	0	20	1	1	#	#	#	#	0	0	快速复活2h	1.0	火剑Ⅰ	1.0
18	1	18	1000	60102	10	1	60102	1	10	0	0	20	1	1	#	#	#	#	0	0	号角	10.0	号角	10.0
19	1	19	1000	60103	1	1	60103	1	2	0	0	20	1	1	#	#	#	#	0	0	黄金宝箱	1.0	黄金宝箱	2.0
20	1	20	1000	60102	10	1	60311	1	1	0	0	20	1	1	#	#	#	#	0	0	号角	10.0	成长Ⅰ	1.0
21	1	21	1000	60102	10	1	60306	1	1	0	0	20	1	1	#	#	#	#	0	0	号角	10.0	火剑Ⅰ	1.0
22	1	22	1000	60206	1	1	60214	1	1	0	0	20	1	1	#	#	#	#	0	0	经验翻倍2h	1.0	生命值强化24h	1.0
23	1	23	1000	60102	10	1	60103	1	2	0	0	20	1	1	#	#	#	#	0	0	号角	10.0	黄金宝箱	2.0
24	1	24	1000	60101	15	1	60101	1	20	0	0	20	1	1	#	#	#	#	0	0	钥匙	15.0	钥匙	20.0
25	1	25	1000	60409	1	1	60401	1	1	1	0	20	2	3	#	#	g1008_pet_16.actor	taunt	1	1	飞剑	1.0	床霸	1.0
26	1	26	1000	60101	15	1	60101	1	20	0	1	20	1	1	#	#	#	#	0	0	钥匙	15.0	钥匙	20.0
27	1	27	1000	60201	1	1	60102	1	10	0	0	20	1	1	#	#	#	#	0	0	道具特权2h	1.0	号角	10.0
28	1	28	1000	60102	10	1	60319	1	1	0	0	20	1	1	#	#	#	#	0	0	号角	10.0	铁墓Ⅰ	1.0
29	1	29	1000	60103	1	1	60103	1	1	0	0	20	1	1	#	#	#	#	0	0	黄金宝箱	1.0	黄金宝箱	1.0
30	1	30	1000	60103	20	1	60104	1	2	1	0	20	1	1	#	#	#	#	0	1	黄金宝箱	20.0	钻石宝箱	2.0
31	1	31	1000	#	0	1	60101	1	25	0	2	20	1	1	#	#	#	#	0	0	0	0.0	钥匙	25.0
32	1	32	1000	60101	20	1	60102	1	10	0	0	20	1	1	#	#	#	#	0	0	钥匙	20.0	号角	10.0
33	1	33	1000	#	0	1	60207	1	1	0	0	20	1	1	#	#	#	#	0	0	0	0.0	道具特权6h	1.0
34	1	34	1000	60101	20	1	60101	1	25	0	0	20	1	1	#	#	#	#	0	0	钥匙	20.0	钥匙	25.0
35	1	35	1000	60102	10	1	60102	1	10	0	0	20	1	1	#	#	#	#	0	0	号角	10.0	号角	10.0
36	1	36	1000	#	0	1	60101	1	25	0	0	20	1	1	#	#	#	#	0	0	0	0.0	钥匙	25.0
37	1	37	1000	60202	1	1	60103	1	2	0	0	20	1	1	#	#	#	#	0	0	生命值强化2h	1.0	黄金宝箱	2.0
38	1	38	1000	#	0	1	60101	1	25	0	0	20	1	1	#	#	#	#	0	0	0	0.0	钥匙	25.0
39	1	39	1000	60101	20	1	60101	1	25	0	0	20	1	1	#	#	#	#	0	0	钥匙	20.0	钥匙	25.0
40	1	40	1000	60218	1	1	60102	1	10	0	0	20	1	1	#	#	#	#	0	0	经验翻倍24h	1.0	号角	10.0
41	1	41	1000	#	0	1	60101	1	25	0	0	20	1	1	#	#	#	#	0	0	0	0.0	钥匙	25.0
42	1	42	1000	60101	20	1	60102	1	10	0	0	20	1	1	#	#	#	#	0	0	钥匙	20.0	号角	10.0
43	1	43	1000	#	0	1	60211	1	1	0	0	20	1	1	#	#	#	#	0	0	0	0.0	快速复活6h	1.0
44	1	44	1000	60103	1	1	60103	1	2	0	0	20	1	1	#	#	#	#	0	0	黄金宝箱	1.0	黄金宝箱	2.0
45	1	45	1000	60104	2	1	60356	1	1	1	0	20	1	1	#	#	#	#	1	1	钻石宝箱	2.0	保护Ⅲ	1.0
46	1	46	1000	#	0	1	60101	1	25	0	1	20	1	1	#	#	#	#	0	0	0	0.0	钥匙	25.0
47	1	47	1000	60205	1	1	60103	1	2	0	0	20	1	1	#	#	#	#	0	0	快速复活2h	1.0	黄金宝箱	2.0
48	1	48	1000	#	0	1	60319	1	1	0	0	20	1	1	#	#	#	#	0	0	0	0.0	铁墓Ⅰ	1.0
49	1	49	1000	60101	20	1	60101	1	25	0	0	20	1	1	#	#	#	#	0	0	钥匙	20.0	钥匙	25.0
50	1	50	1000	60102	10	1	60102	1	10	0	0	20	1	1	#	#	#	#	0	0	号角	10.0	号角	10.0
51	1	51	1000	#	0	1	60101	1	25	0	2	20	1	1	#	#	#	#	0	0	0	0.0	钥匙	25.0
52	1	52	1000	60101	20	1	60101	1	25	0	0	20	1	1	#	#	#	#	0	0	钥匙	20.0	钥匙	25.0
53	1	53	1000	#	0	1	60102	1	10	0	0	20	1	1	#	#	#	#	0	0	0	0.0	号角	10.0
54	1	54	1000	60201	1	1	60218	1	1	0	0	20	1	1	#	#	#	#	0	0	道具特权2h	1.0	经验翻倍24h	1.0
55	1	55	1000	60102	20	1	60102	1	10	0	0	20	1	1	#	#	#	#	0	0	号角	20.0	号角	10.0
56	1	56	1000	#	0	1	60101	1	25	0	2	20	1	1	#	#	#	#	0	0	0	0.0	钥匙	25.0
57	1	57	1000	60102	20	1	60102	1	10	0	0	20	1	1	#	#	#	#	0	0	号角	20.0	号角	10.0
58	1	58	1000	#	0	1	60101	1	25	0	0	20	1	1	#	#	#	#	0	0	0	0.0	钥匙	25.0
59	1	59	1000	60103	1	1	60103	1	2	0	0	20	1	1	#	#	#	#	0	0	黄金宝箱	1.0	黄金宝箱	2.0
60	1	60	1000	60410	1	1	60408	1	1	1	0	20	2	2	#	#	#	#	1	1	赛博拖尾	1.0	泡泡刀光	1.0
61	1	61	1000	#	0	1	60311	1	1	0	0	20	1	1	#	#	#	#	0	0	0	0.0	成长Ⅰ	1.0
62	1	62	1000	#	0	1	60101	1	10	0	0	20	1	1	#	#	#	#	0	0	0	0.0	钥匙	10.0
63	1	63	1000	#	0	1	60319	1	1	0	0	20	1	1	#	#	#	#	0	0	0	0.0	铁墓Ⅰ	1.0
64	1	64	1000	#	0	1	60101	1	10	0	0	20	1	1	#	#	#	#	0	0	0	0.0	钥匙	10.0
65	1	65	1000	#	0	1	60102	1	10	0	0	20	1	1	#	#	#	#	0	0	0	0.0	号角	10.0
66	1	66	1000	#	0	1	60101	1	10	0	2	20	1	1	#	#	#	#	0	0	0	0.0	钥匙	10.0
67	1	67	1000	#	0	1	60208	1	1	0	0	20	1	1	#	#	#	#	0	0	0	0.0	生命值强化6h	1.0
68	1	68	1000	#	0	1	60101	1	10	0	0	20	1	1	#	#	#	#	0	0	0	0.0	钥匙	10.0
69	1	69	1000	#	0	1	60101	1	10	0	0	20	1	1	#	#	#	#	0	0	0	0.0	钥匙	10.0
70	1	70	1000	#	0	1	60356	1	1	1	0	20	1	1	#	#	#	#	0	1	0	0.0	保护Ⅲ	1.0
71	1	71	1000	#	0	1	60102	1	10	0	0	20	1	1	#	#	#	#	0	0	0	0.0	号角	10.0
72	1	72	1000	#	0	1	60101	1	10	0	0	20	1	1	#	#	#	#	0	0	0	0.0	钥匙	10.0
73	1	73	1000	#	0	1	60103	1	2	0	0	20	1	1	#	#	#	#	0	0	0	0.0	黄金宝箱	2.0
74	1	74	1000	#	0	1	60317	1	1	0	0	20	1	1	#	#	#	#	0	0	0	0.0	铁锭Ⅰ	1.0
75	1	75	1000	#	0	1	60102	1	10	0	0	20	1	1	#	#	#	#	0	0	0	0.0	号角	10.0
76	1	76	1000	#	0	1	60102	1	10	0	0	20	1	1	#	#	#	#	0	0	0	0.0	号角	10.0
77	1	77	1000	#	0	1	60101	1	10	0	0	20	1	1	#	#	#	#	0	0	0	0.0	钥匙	10.0
78	1	78	1000	#	0	1	60101	1	10	0	0	20	1	1	#	#	#	#	0	0	0	0.0	钥匙	10.0
79	1	79	1000	#	0	1	60101	1	10	0	0	20	1	1	#	#	#	#	0	0	0	0.0	钥匙	10.0
80	1	80	1000	#	0	1	60404	1	1	1	0	20	1	1	#	#	#	#	0	1	0	0.0	水泡足迹	1.0
81	1	81	1000	#	0	1	60102	1	5	0	0	20	1	1	#	#	#	#	0	0	0	0.0	号角	5.0
82	1	82	1000	#	0	1	60102	1	5	0	0	20	1	1	#	#	#	#	0	0	0	0.0	号角	5.0
83	1	83	1000	#	0	1	60102	1	5	0	0	20	1	1	#	#	#	#	0	0	0	0.0	号角	5.0
84	1	84	1000	#	0	1	60102	1	5	0	0	20	1	1	#	#	#	#	0	0	0	0.0	号角	5.0
85	1	85	1000	#	0	1	60102	1	10	1	0	20	1	1	#	#	#	#	0	1	0	0.0	号角	10.0
86	1	86	1000	#	0	1	60102	1	5	0	0	20	1	1	#	#	#	#	0	0	0	0.0	号角	5.0
87	1	87	1000	#	0	1	60102	1	5	0	0	20	1	1	#	#	#	#	0	0	0	0.0	号角	5.0
88	1	88	1000	#	0	1	60102	1	5	0	0	20	1	1	#	#	#	#	0	0	0	0.0	号角	5.0
89	1	89	1000	#	0	1	60102	1	5	0	0	20	1	1	#	#	#	#	0	0	0	0.0	号角	5.0
90	1	90	1000	#	0	1	60102	1	10	1	0	20	1	1	#	#	#	#	0	1	0	0.0	号角	10.0
91	1	91	1000	#	0	1	60102	1	5	0	0	20	1	1	#	#	#	#	0	0	0	0.0	号角	5.0
92	1	92	1000	#	0	1	60102	1	5	0	0	20	1	1	#	#	#	#	0	0	0	0.0	号角	5.0
93	1	93	1000	#	0	1	60102	1	5	0	0	20	1	1	#	#	#	#	0	0	0	0.0	号角	5.0
94	1	94	1000	#	0	1	60102	1	5	0	0	20	1	1	#	#	#	#	0	0	0	0.0	号角	5.0
95	1	95	1000	#	0	1	60102	1	10	1	0	20	1	1	#	#	#	#	0	1	0	0.0	号角	10.0
96	1	96	1000	#	0	1	60102	1	5	0	0	20	1	1	#	#	#	#	0	0	0	0.0	号角	5.0
97	1	97	1000	#	0	1	60102	1	5	0	0	20	1	1	#	#	#	#	0	0	0	0.0	号角	5.0
98	1	98	1000	#	0	1	60102	1	5	0	0	20	1	1	#	#	#	#	0	0	0	0.0	号角	5.0
99	1	99	1000	#	0	1	60102	1	5	0	0	20	1	1	#	#	#	#	0	0	0	0.0	号角	5.0
100	1	100	1000	#	0	1	60102	1	10	1	0	20	1	1	#	#	#	#	0	1	0	0.0	号角	10.0
101	1	101	1000	#	0	1	60102	1	5	0	2	20	1	1	#	#	#	#	0	0	0	0.0	号角	5.0
102	1	102	1000	#	0	1	60102	1	5	0	0	20	1	1	#	#	#	#	0	0	0	0.0	号角	5.0
103	1	103	1000	#	0	1	60102	1	5	0	0	20	1	1	#	#	#	#	0	0	0	0.0	号角	5.0
104	1	104	1000	#	0	1	60102	1	5	0	0	20	1	1	#	#	#	#	0	0	0	0.0	号角	5.0
105	1	105	1000	#	0	1	60102	1	10	1	0	20	1	1	#	#	#	#	0	1	0	0.0	号角	10.0
106	1	106	1000	#	0	1	60102	1	5	0	0	20	1	1	#	#	#	#	0	0	0	0.0	号角	5.0
107	1	107	1000	#	0	1	60102	1	5	0	0	20	1	1	#	#	#	#	0	0	0	0.0	号角	5.0
108	1	108	1000	#	0	1	60102	1	5	0	0	20	1	1	#	#	#	#	0	0	0	0.0	号角	5.0
109	1	109	1000	#	0	1	60102	1	5	0	0	20	1	1	#	#	#	#	0	0	0	0.0	号角	5.0
110	1	110	1000	#	0	1	60102	1	10	1	0	20	1	1	#	#	#	#	0	1	0	0.0	号角	10.0
111	1	111	1000	#	0	1	60102	1	5	0	0	20	1	1	#	#	#	#	0	0	0	0.0	号角	5.0
112	1	112	1000	#	0	1	60102	1	5	0	0	20	1	1	#	#	#	#	0	0	0	0.0	号角	5.0
113	1	113	1000	#	0	1	60102	1	5	0	0	20	1	1	#	#	#	#	0	0	0	0.0	号角	5.0
114	1	114	1000	#	0	1	60102	1	5	0	0	20	1	1	#	#	#	#	0	0	0	0.0	号角	5.0
115	1	115	1000	#	0	1	60102	1	10	1	0	20	1	1	#	#	#	#	0	1	0	0.0	号角	10.0
116	1	116	1000	#	0	1	60102	1	5	0	0	20	1	1	#	#	#	#	0	0	0	0.0	号角	5.0
117	1	117	1000	#	0	1	60102	1	5	0	0	20	1	1	#	#	#	#	0	0	0	0.0	号角	5.0
118	1	118	1000	#	0	1	60102	1	5	0	0	20	1	1	#	#	#	#	0	0	0	0.0	号角	5.0
119	1	119	1000	#	0	1	60102	1	5	0	0	20	1	1	#	#	#	#	0	0	0	0.0	号角	5.0
120	1	120	1000	#	0	1	60102	1	20	1	0	20	1	1	#	#	#	#	0	1	0	0.0	号角	20.0
121	1	121	1000	#	0	1	60102	1	5	0	0	20	1	1	#	#	#	#	0	0	0	0.0	号角	5.0
122	1	122	1000	#	0	1	60102	1	5	0	0	20	1	1	#	#	#	#	0	0	0	0.0	号角	5.0
123	1	123	1000	#	0	1	60102	1	5	0	0	20	1	1	#	#	#	#	0	0	0	0.0	号角	5.0
124	1	124	1000	#	0	1	60102	1	5	0	0	20	1	1	#	#	#	#	0	0	0	0.0	号角	5.0
125	1	125	1000	#	0	1	60102	1	10	1	0	20	1	1	#	#	#	#	0	1	0	0.0	号角	10.0
126	1	126	1000	#	0	1	60102	1	5	0	0	20	1	1	#	#	#	#	0	0	0	0.0	号角	5.0
127	1	127	1000	#	0	1	60102	1	5	0	0	20	1	1	#	#	#	#	0	0	0	0.0	号角	5.0
128	1	128	1000	#	0	1	60102	1	5	0	0	20	1	1	#	#	#	#	0	0	0	0.0	号角	5.0
129	1	129	1000	#	0	1	60102	1	5	0	0	20	1	1	#	#	#	#	0	0	0	0.0	号角	5.0
130	1	130	1000	#	0	1	60102	1	10	1	0	20	1	1	#	#	#	#	0	1	0	0.0	号角	10.0
131	1	131	1000	#	0	1	60102	1	5	0	0	20	1	1	#	#	#	#	0	0	0	0.0	号角	5.0
132	1	132	1000	#	0	1	60102	1	5	0	0	20	1	1	#	#	#	#	0	0	0	0.0	号角	5.0
133	1	133	1000	#	0	1	60102	1	5	0	0	20	1	1	#	#	#	#	0	0	0	0.0	号角	5.0
134	1	134	1000	#	0	1	60102	1	5	0	0	20	1	1	#	#	#	#	0	0	0	0.0	号角	5.0
135	1	135	1000	#	0	1	60102	1	10	1	0	20	1	1	#	#	#	#	0	1	0	0.0	号角	10.0
136	1	136	1000	#	0	1	60102	1	5	0	0	20	1	1	#	#	#	#	0	0	0	0.0	号角	5.0
137	1	137	1000	#	0	1	60102	1	5	0	0	20	1	1	#	#	#	#	0	0	0	0.0	号角	5.0
138	1	138	1000	#	0	1	60102	1	5	0	0	20	1	1	#	#	#	#	0	0	0	0.0	号角	5.0
139	1	139	1000	#	0	1	60102	1	5	0	0	20	1	1	#	#	#	#	0	0	0	0.0	号角	5.0
140	1	140	1000	#	0	1	60102	1	10	1	0	20	1	1	#	#	#	#	0	1	0	0.0	号角	10.0
141	1	141	1000	#	0	1	60102	1	5	0	0	20	1	1	#	#	#	#	0	0	0	0.0	号角	5.0
142	1	142	1000	#	0	1	60102	1	5	0	0	20	1	1	#	#	#	#	0	0	0	0.0	号角	5.0
143	1	143	1000	#	0	1	60102	1	5	0	0	20	1	1	#	#	#	#	0	0	0	0.0	号角	5.0
144	1	144	1000	#	0	1	60102	1	5	0	0	20	1	1	#	#	#	#	0	0	0	0.0	号角	5.0
145	1	145	1000	#	0	1	60102	1	10	1	0	20	1	1	#	#	#	#	0	1	0	0.0	号角	10.0
146	1	146	1000	#	0	1	60102	1	5	0	0	20	1	1	#	#	#	#	0	0	0	0.0	号角	5.0
147	1	147	1000	#	0	1	60102	1	5	0	0	20	1	1	#	#	#	#	0	0	0	0.0	号角	5.0
148	1	148	1000	#	0	1	60102	1	5	0	0	20	1	1	#	#	#	#	0	0	0	0.0	号角	5.0
149	1	149	1000	#	0	1	60102	1	5	0	0	20	1	1	#	#	#	#	0	0	0	0.0	号角	5.0
150	1	150	1000	#	0	1	60102	1	10	1	0	20	1	1	#	#	#	#	0	1	0	0.0	号角	10.0
151	1	151	1000	#	0	1	60102	1	5	0	0	20	1	1	#	#	#	#	0	0	0	0.0	号角	5.0
152	1	152	1000	#	0	1	60102	1	5	0	0	20	1	1	#	#	#	#	0	0	0	0.0	号角	5.0
153	1	153	1000	#	0	1	60102	1	5	0	0	20	1	1	#	#	#	#	0	0	0	0.0	号角	5.0
154	1	154	1000	#	0	1	60102	1	5	0	0	20	1	1	#	#	#	#	0	0	0	0.0	号角	5.0
155	1	155	1000	#	0	1	60102	1	10	1	0	20	1	1	#	#	#	#	0	1	0	0.0	号角	10.0
156	1	156	1000	#	0	1	60102	1	5	0	0	20	1	1	#	#	#	#	0	0	0	0.0	号角	5.0
157	1	157	1000	#	0	1	60102	1	5	0	0	20	1	1	#	#	#	#	0	0	0	0.0	号角	5.0
158	1	158	1000	#	0	1	60102	1	5	0	0	20	1	1	#	#	#	#	0	0	0	0.0	号角	5.0
159	1	159	1000	#	0	1	60102	1	5	0	0	20	1	1	#	#	#	#	0	0	0	0.0	号角	5.0
160	1	160	1000	#	0	1	60102	1	10	1	0	20	1	1	#	#	#	#	0	1	0	0.0	号角	10.0
161	1	161	1000	#	0	1	60102	1	5	0	0	20	1	1	#	#	#	#	0	0	0	0.0	号角	5.0
162	1	162	1000	#	0	1	60102	1	5	0	0	20	1	1	#	#	#	#	0	0	0	0.0	号角	5.0
163	1	163	1000	#	0	1	60102	1	5	0	0	20	1	1	#	#	#	#	0	0	0	0.0	号角	5.0
164	1	164	1000	#	0	1	60102	1	5	0	0	20	1	1	#	#	#	#	0	0	0	0.0	号角	5.0
165	1	165	1000	#	0	1	60102	1	10	1	0	20	1	1	#	#	#	#	0	1	0	0.0	号角	10.0
166	1	166	1000	#	0	1	60102	1	5	0	0	20	1	1	#	#	#	#	0	0	0	0.0	号角	5.0
167	1	167	1000	#	0	1	60102	1	5	0	0	20	1	1	#	#	#	#	0	0	0	0.0	号角	5.0
168	1	168	1000	#	0	1	60102	1	5	0	0	20	1	1	#	#	#	#	0	0	0	0.0	号角	5.0
169	1	169	1000	#	0	1	60102	1	5	0	0	20	1	1	#	#	#	#	0	0	0	0.0	号角	5.0
170	1	170	1000	#	0	1	60102	1	10	1	0	20	1	1	#	#	#	#	0	1	0	0.0	号角	10.0
171	1	171	1000	#	0	1	60102	1	5	0	0	20	1	1	#	#	#	#	0	0	0	0.0	号角	5.0
172	1	172	1000	#	0	1	60102	1	5	0	0	20	1	1	#	#	#	#	0	0	0	0.0	号角	5.0
173	1	173	1000	#	0	1	60102	1	5	0	0	20	1	1	#	#	#	#	0	0	0	0.0	号角	5.0
174	1	174	1000	#	0	1	60102	1	5	0	0	20	1	1	#	#	#	#	0	0	0	0.0	号角	5.0
175	1	175	1000	#	0	1	60102	1	10	1	0	20	1	1	#	#	#	#	0	1	0	0.0	号角	10.0
176	1	176	1000	#	0	1	60102	1	5	0	0	20	1	1	#	#	#	#	0	0	0	0.0	号角	5.0
177	1	177	1000	#	0	1	60102	1	5	0	0	20	1	1	#	#	#	#	0	0	0	0.0	号角	5.0
178	1	178	1000	#	0	1	60102	1	5	0	0	20	1	1	#	#	#	#	0	0	0	0.0	号角	5.0
179	1	179	1000	#	0	1	60102	1	5	0	0	20	1	1	#	#	#	#	0	0	0	0.0	号角	5.0
180	1	180	1000	#	0	1	60102	1	10	1	0	20	1	1	#	#	#	#	0	1	0	0.0	号角	10.0
181	1	181	1000	#	0	1	60102	1	5	0	0	20	1	1	#	#	#	#	0	0	0	0.0	号角	5.0
182	1	182	1000	#	0	1	60102	1	5	0	0	20	1	1	#	#	#	#	0	0	0	0.0	号角	5.0
183	1	183	1000	#	0	1	60102	1	5	0	0	20	1	1	#	#	#	#	0	0	0	0.0	号角	5.0
184	1	184	1000	#	0	1	60102	1	5	0	0	20	1	1	#	#	#	#	0	0	0	0.0	号角	5.0
185	1	185	1000	#	0	1	60102	1	10	1	0	20	1	1	#	#	#	#	0	1	0	0.0	号角	10.0
186	1	186	1000	#	0	1	60102	1	5	0	0	20	1	1	#	#	#	#	0	0	0	0.0	号角	5.0
187	1	187	1000	#	0	1	60102	1	5	0	0	20	1	1	#	#	#	#	0	0	0	0.0	号角	5.0
188	1	188	1000	#	0	1	60102	1	5	0	0	20	1	1	#	#	#	#	0	0	0	0.0	号角	5.0
189	1	189	1000	#	0	1	60102	1	5	0	0	20	1	1	#	#	#	#	0	0	0	0.0	号角	5.0
190	1	190	1000	#	0	1	60102	1	10	1	0	20	1	1	#	#	#	#	0	1	0	0.0	号角	10.0
191	1	191	1000	#	0	1	60102	1	5	0	0	20	1	1	#	#	#	#	0	0	0	0.0	号角	5.0
192	1	192	1000	#	0	1	60102	1	5	0	0	20	1	1	#	#	#	#	0	0	0	0.0	号角	5.0
193	1	193	1000	#	0	1	60102	1	5	0	0	20	1	1	#	#	#	#	0	0	0	0.0	号角	5.0
194	1	194	1000	#	0	1	60102	1	5	0	0	20	1	1	#	#	#	#	0	0	0	0.0	号角	5.0
195	1	195	1000	#	0	1	60102	1	10	1	0	20	1	1	#	#	#	#	0	1	0	0.0	号角	10.0
196	1	196	1000	#	0	1	60102	1	5	0	0	20	1	1	#	#	#	#	0	0	0	0.0	号角	5.0
197	1	197	1000	#	0	1	60102	1	5	0	0	20	1	1	#	#	#	#	0	0	0	0.0	号角	5.0
198	1	198	1000	#	0	1	60102	1	5	0	0	20	1	1	#	#	#	#	0	0	0	0.0	号角	5.0
199	1	199	1000	#	0	1	60102	1	5	0	0	20	1	1	#	#	#	#	0	0	0	0.0	号角	5.0
200	1	200	1000	#	0	1	60102	1	20	1	0	20	1	1	#	#	#	#	0	1	0	0.0	号角	20.0
201	2	1	1000	60102	10	1	60417	1	1	1	0	20	1	2	#	#	#	#	0	1	号角	10.0	黑暗刀光	1.0
202	2	2	1000	60212	1	1	60217	1	1	0	2	20	1	1	#	#	#	#	0	0	经验翻倍6h	1.0	快速复活24h	1.0
203	2	3	1000	60102	10	1	60306	1	1	0	2	20	1	1	#	#	#	#	0	0	号角	10.0	火剑Ⅰ	1.0
204	2	4	1000	60101	10	1	60101	1	15	0	1	20	1	1	#	#	#	#	0	0	钥匙	10.0	钥匙	15.0
205	2	5	1000	60102	10	1	60102	1	50	0	0	20	1	1	#	#	#	#	0	0	号角	10.0	号角	50.0
206	2	6	1000	60202	1	1	60213	1	1	0	1	20	1	1	#	#	#	#	0	0	生命值强化2h	1.0	道具特权24h	1.0
207	2	7	1000	60102	10	1	60102	1	10	0	0	20	1	1	#	#	#	#	0	0	号角	10.0	号角	10.0
208	2	8	1000	60103	1	1	60103	1	1	0	0	20	1	1	#	#	#	#	0	0	黄金宝箱	1.0	黄金宝箱	1.0
209	2	9	1000	60101	10	1	60101	1	15	0	0	20	1	1	#	#	#	#	0	0	钥匙	10.0	钥匙	15.0
210	2	10	1000	60411	1	1	60361	1	1	1	1	20	1	1	#	#	#	#	1	1	抹杀	1.0	铁墓Ⅲ	1.0
211	2	11	1000	60101	15	1	60101	1	20	0	2	20	1	1	#	#	#	#	0	0	钥匙	15.0	钥匙	20.0
212	2	12	1000	60206	1	1	60102	1	10	0	0	20	1	1	#	#	#	#	0	0	经验翻倍2h	1.0	号角	10.0
213	2	13	1000	60102	10	1	60103	1	2	0	0	20	1	1	#	#	#	#	0	0	号角	10.0	黄金宝箱	2.0
214	2	14	1000	60101	15	1	60101	1	20	0	0	20	1	1	#	#	#	#	0	0	钥匙	15.0	钥匙	20.0
215	2	15	1000	60102	10	1	60317	1	1	0	0	20	1	1	#	#	#	#	0	0	号角	10.0	铁锭Ⅰ	1.0
216	2	16	1000	60101	15	1	60101	1	20	0	2	20	1	1	#	#	#	#	0	0	钥匙	15.0	钥匙	20.0
217	2	17	1000	60205	1	1	60306	1	1	0	0	20	1	1	#	#	#	#	0	0	快速复活2h	1.0	火剑Ⅰ	1.0
218	2	18	1000	60102	10	1	60102	1	10	0	0	20	1	1	#	#	#	#	0	0	号角	10.0	号角	10.0
219	2	19	1000	60103	1	1	60103	1	2	0	0	20	1	1	#	#	#	#	0	0	黄金宝箱	1.0	黄金宝箱	2.0
220	2	20	1000	60102	10	1	60311	1	1	0	0	20	1	1	#	#	#	#	0	0	号角	10.0	成长Ⅰ	1.0
221	2	21	1000	60102	10	1	60306	1	1	0	0	20	1	1	#	#	#	#	0	0	号角	10.0	火剑Ⅰ	1.0
222	2	22	1000	60206	1	1	60214	1	1	0	0	20	1	1	#	#	#	#	0	0	经验翻倍2h	1.0	生命值强化24h	1.0
223	2	23	1000	60102	10	1	60103	1	2	0	0	20	1	1	#	#	#	#	0	0	号角	10.0	黄金宝箱	2.0
224	2	24	1000	60101	15	1	60101	1	20	0	0	20	1	1	#	#	#	#	0	0	钥匙	15.0	钥匙	20.0
225	2	25	1000	60414	1	1	60416	1	1	1	0	20	2	3	#	#	g1008_pet_17.actor	taunt	1	1	能量箭	1.0	小恶魔	1.0
226	2	26	1000	60101	15	1	60101	1	20	0	1	20	1	1	#	#	#	#	0	0	钥匙	15.0	钥匙	20.0
227	2	27	1000	60201	1	1	60102	1	10	0	0	20	1	1	#	#	#	#	0	0	道具特权2h	1.0	号角	10.0
228	2	28	1000	60102	10	1	60319	1	1	0	0	20	1	1	#	#	#	#	0	0	号角	10.0	铁墓Ⅰ	1.0
229	2	29	1000	60103	1	1	60103	1	1	0	0	20	1	1	#	#	#	#	0	0	黄金宝箱	1.0	黄金宝箱	1.0
230	2	30	1000	60103	20	1	60104	1	2	1	0	20	1	1	#	#	#	#	0	1	黄金宝箱	20.0	钻石宝箱	2.0
231	2	31	1000	#	0	1	60101	1	25	0	2	20	1	1	#	#	#	#	0	0	0	0.0	钥匙	25.0
232	2	32	1000	60101	20	1	60102	1	10	0	0	20	1	1	#	#	#	#	0	0	钥匙	20.0	号角	10.0
233	2	33	1000	#	0	1	60207	1	1	0	0	20	1	1	#	#	#	#	0	0	0	0.0	道具特权6h	1.0
234	2	34	1000	60101	20	1	60101	1	25	0	0	20	1	1	#	#	#	#	0	0	钥匙	20.0	钥匙	25.0
235	2	35	1000	60102	10	1	60102	1	10	0	0	20	1	1	#	#	#	#	0	0	号角	10.0	号角	10.0
236	2	36	1000	#	0	1	60101	1	25	0	0	20	1	1	#	#	#	#	0	0	0	0.0	钥匙	25.0
237	2	37	1000	60202	1	1	60103	1	2	0	0	20	1	1	#	#	#	#	0	0	生命值强化2h	1.0	黄金宝箱	2.0
238	2	38	1000	#	0	1	60101	1	25	0	0	20	1	1	#	#	#	#	0	0	0	0.0	钥匙	25.0
239	2	39	1000	60101	20	1	60101	1	25	0	0	20	1	1	#	#	#	#	0	0	钥匙	20.0	钥匙	25.0
240	2	40	1000	60218	1	1	60102	1	10	0	0	20	1	1	#	#	#	#	0	0	经验翻倍24h	1.0	号角	10.0
241	2	41	1000	#	0	1	60101	1	25	0	0	20	1	1	#	#	#	#	0	0	0	0.0	钥匙	25.0
242	2	42	1000	60101	20	1	60102	1	10	0	0	20	1	1	#	#	#	#	0	0	钥匙	20.0	号角	10.0
243	2	43	1000	#	0	1	60211	1	1	0	0	20	1	1	#	#	#	#	0	0	0	0.0	快速复活6h	1.0
244	2	44	1000	60103	1	1	60103	1	2	0	0	20	1	1	#	#	#	#	0	0	黄金宝箱	1.0	黄金宝箱	2.0
245	2	45	1000	60104	2	1	60361	1	1	1	0	20	1	1	#	#	#	#	1	1	钻石宝箱	2.0	铁墓Ⅲ	1.0
246	2	46	1000	#	0	1	60101	1	25	0	1	20	1	1	#	#	#	#	0	0	0	0.0	钥匙	25.0
247	2	47	1000	60205	1	1	60103	1	2	0	0	20	1	1	#	#	#	#	0	0	快速复活2h	1.0	黄金宝箱	2.0
248	2	48	1000	#	0	1	60319	1	1	0	0	20	1	1	#	#	#	#	0	0	0	0.0	铁墓Ⅰ	1.0
249	2	49	1000	60101	20	1	60101	1	25	0	0	20	1	1	#	#	#	#	0	0	钥匙	20.0	钥匙	25.0
250	2	50	1000	60102	10	1	60102	1	10	0	0	20	1	1	#	#	#	#	0	0	号角	10.0	号角	10.0
251	2	51	1000	#	0	1	60101	1	25	0	2	20	1	1	#	#	#	#	0	0	0	0.0	钥匙	25.0
252	2	52	1000	60101	20	1	60101	1	25	0	0	20	1	1	#	#	#	#	0	0	钥匙	20.0	钥匙	25.0
253	2	53	1000	#	0	1	60102	1	10	0	0	20	1	1	#	#	#	#	0	0	0	0.0	号角	10.0
254	2	54	1000	60201	1	1	60218	1	1	0	0	20	1	1	#	#	#	#	0	0	道具特权2h	1.0	经验翻倍24h	1.0
255	2	55	1000	60102	20	1	60102	1	10	0	0	20	1	1	#	#	#	#	0	0	号角	20.0	号角	10.0
256	2	56	1000	#	0	1	60101	1	25	0	2	20	1	1	#	#	#	#	0	0	0	0.0	钥匙	25.0
257	2	57	1000	60102	20	1	60102	1	10	0	0	20	1	1	#	#	#	#	0	0	号角	20.0	号角	10.0
258	2	58	1000	#	0	1	60101	1	25	0	0	20	1	1	#	#	#	#	0	0	0	0.0	钥匙	25.0
259	2	59	1000	60103	1	1	60103	1	2	0	0	20	1	1	#	#	#	#	0	0	黄金宝箱	1.0	黄金宝箱	2.0
260	2	60	1000	60415	1	1	60418	1	1	1	0	20	2	2	#	#	#	#	1	1	冰晶拖尾	1.0	星星刀光	1.0
261	2	61	1000	#	0	1	60311	1	1	0	0	20	1	1	#	#	#	#	0	0	0	0.0	成长Ⅰ	1.0
262	2	62	1000	#	0	1	60101	1	10	0	0	20	1	1	#	#	#	#	0	0	0	0.0	钥匙	10.0
263	2	63	1000	#	0	1	60319	1	1	0	0	20	1	1	#	#	#	#	0	0	0	0.0	铁墓Ⅰ	1.0
264	2	64	1000	#	0	1	60101	1	10	0	0	20	1	1	#	#	#	#	0	0	0	0.0	钥匙	10.0
265	2	65	1000	#	0	1	60102	1	10	0	0	20	1	1	#	#	#	#	0	0	0	0.0	号角	10.0
266	2	66	1000	#	0	1	60101	1	10	0	2	20	1	1	#	#	#	#	0	0	0	0.0	钥匙	10.0
267	2	67	1000	#	0	1	60208	1	1	0	0	20	1	1	#	#	#	#	0	0	0	0.0	生命值强化6h	1.0
268	2	68	1000	#	0	1	60101	1	10	0	0	20	1	1	#	#	#	#	0	0	0	0.0	钥匙	10.0
269	2	69	1000	#	0	1	60101	1	10	0	0	20	1	1	#	#	#	#	0	0	0	0.0	钥匙	10.0
270	2	70	1000	#	0	1	60361	1	1	1	0	20	1	1	#	#	#	#	0	1	0	0.0	铁墓Ⅲ	1.0
271	2	71	1000	#	0	1	60102	1	10	0	0	20	1	1	#	#	#	#	0	0	0	0.0	号角	10.0
272	2	72	1000	#	0	1	60101	1	10	0	0	20	1	1	#	#	#	#	0	0	0	0.0	钥匙	10.0
273	2	73	1000	#	0	1	60103	1	2	0	0	20	1	1	#	#	#	#	0	0	0	0.0	黄金宝箱	2.0
274	2	74	1000	#	0	1	60317	1	1	0	0	20	1	1	#	#	#	#	0	0	0	0.0	铁锭Ⅰ	1.0
275	2	75	1000	#	0	1	60102	1	10	0	0	20	1	1	#	#	#	#	0	0	0	0.0	号角	10.0
276	2	76	1000	#	0	1	60102	1	10	0	0	20	1	1	#	#	#	#	0	0	0	0.0	号角	10.0
277	2	77	1000	#	0	1	60101	1	10	0	0	20	1	1	#	#	#	#	0	0	0	0.0	钥匙	10.0
278	2	78	1000	#	0	1	60101	1	10	0	0	20	1	1	#	#	#	#	0	0	0	0.0	钥匙	10.0
279	2	79	1000	#	0	1	60101	1	10	0	0	20	1	1	#	#	#	#	0	0	0	0.0	钥匙	10.0
280	2	80	1000	#	0	1	60419	1	1	1	0	20	1	2	#	#	#	#	0	1	0	0.0	火焰拖尾	1.0
281	2	81	1000	#	0	1	60102	1	5	0	0	20	1	1	#	#	#	#	0	0	0	0.0	号角	5.0
282	2	82	1000	#	0	1	60102	1	5	0	0	20	1	1	#	#	#	#	0	0	0	0.0	号角	5.0
283	2	83	1000	#	0	1	60102	1	5	0	0	20	1	1	#	#	#	#	0	0	0	0.0	号角	5.0
284	2	84	1000	#	0	1	60102	1	5	0	0	20	1	1	#	#	#	#	0	0	0	0.0	号角	5.0
285	2	85	1000	#	0	1	60102	1	10	1	0	20	1	1	#	#	#	#	0	1	0	0.0	号角	10.0
286	2	86	1000	#	0	1	60102	1	5	0	0	20	1	1	#	#	#	#	0	0	0	0.0	号角	5.0
287	2	87	1000	#	0	1	60102	1	5	0	0	20	1	1	#	#	#	#	0	0	0	0.0	号角	5.0
288	2	88	1000	#	0	1	60102	1	5	0	0	20	1	1	#	#	#	#	0	0	0	0.0	号角	5.0
289	2	89	1000	#	0	1	60102	1	5	0	0	20	1	1	#	#	#	#	0	0	0	0.0	号角	5.0
290	2	90	1000	#	0	1	60102	1	10	1	0	20	1	1	#	#	#	#	0	1	0	0.0	号角	10.0
291	2	91	1000	#	0	1	60102	1	5	0	0	20	1	1	#	#	#	#	0	0	0	0.0	号角	5.0
292	2	92	1000	#	0	1	60102	1	5	0	0	20	1	1	#	#	#	#	0	0	0	0.0	号角	5.0
293	2	93	1000	#	0	1	60102	1	5	0	0	20	1	1	#	#	#	#	0	0	0	0.0	号角	5.0
294	2	94	1000	#	0	1	60102	1	5	0	0	20	1	1	#	#	#	#	0	0	0	0.0	号角	5.0
295	2	95	1000	#	0	1	60102	1	10	1	0	20	1	1	#	#	#	#	0	1	0	0.0	号角	10.0
296	2	96	1000	#	0	1	60102	1	5	0	0	20	1	1	#	#	#	#	0	0	0	0.0	号角	5.0
297	2	97	1000	#	0	1	60102	1	5	0	0	20	1	1	#	#	#	#	0	0	0	0.0	号角	5.0
298	2	98	1000	#	0	1	60102	1	5	0	0	20	1	1	#	#	#	#	0	0	0	0.0	号角	5.0
299	2	99	1000	#	0	1	60102	1	5	0	0	20	1	1	#	#	#	#	0	0	0	0.0	号角	5.0
300	2	100	1000	#	0	1	60102	1	10	1	0	20	1	1	#	#	#	#	0	1	0	0.0	号角	10.0
301	2	101	1000	#	0	1	60102	1	5	0	2	20	1	1	#	#	#	#	0	0	0	0.0	号角	5.0
302	2	102	1000	#	0	1	60102	1	5	0	0	20	1	1	#	#	#	#	0	0	0	0.0	号角	5.0
303	2	103	1000	#	0	1	60102	1	5	0	0	20	1	1	#	#	#	#	0	0	0	0.0	号角	5.0
304	2	104	1000	#	0	1	60102	1	5	0	0	20	1	1	#	#	#	#	0	0	0	0.0	号角	5.0
305	2	105	1000	#	0	1	60102	1	10	1	0	20	1	1	#	#	#	#	0	1	0	0.0	号角	10.0
306	2	106	1000	#	0	1	60102	1	5	0	0	20	1	1	#	#	#	#	0	0	0	0.0	号角	5.0
307	2	107	1000	#	0	1	60102	1	5	0	0	20	1	1	#	#	#	#	0	0	0	0.0	号角	5.0
308	2	108	1000	#	0	1	60102	1	5	0	0	20	1	1	#	#	#	#	0	0	0	0.0	号角	5.0
309	2	109	1000	#	0	1	60102	1	5	0	0	20	1	1	#	#	#	#	0	0	0	0.0	号角	5.0
310	2	110	1000	#	0	1	60102	1	10	1	0	20	1	1	#	#	#	#	0	1	0	0.0	号角	10.0
311	2	111	1000	#	0	1	60102	1	5	0	0	20	1	1	#	#	#	#	0	0	0	0.0	号角	5.0
312	2	112	1000	#	0	1	60102	1	5	0	0	20	1	1	#	#	#	#	0	0	0	0.0	号角	5.0
313	2	113	1000	#	0	1	60102	1	5	0	0	20	1	1	#	#	#	#	0	0	0	0.0	号角	5.0
314	2	114	1000	#	0	1	60102	1	5	0	0	20	1	1	#	#	#	#	0	0	0	0.0	号角	5.0
315	2	115	1000	#	0	1	60102	1	10	1	0	20	1	1	#	#	#	#	0	1	0	0.0	号角	10.0
316	2	116	1000	#	0	1	60102	1	5	0	0	20	1	1	#	#	#	#	0	0	0	0.0	号角	5.0
317	2	117	1000	#	0	1	60102	1	5	0	0	20	1	1	#	#	#	#	0	0	0	0.0	号角	5.0
318	2	118	1000	#	0	1	60102	1	5	0	0	20	1	1	#	#	#	#	0	0	0	0.0	号角	5.0
319	2	119	1000	#	0	1	60102	1	5	0	0	20	1	1	#	#	#	#	0	0	0	0.0	号角	5.0
320	2	120	1000	#	0	1	60102	1	20	1	0	20	1	1	#	#	#	#	0	1	0	0.0	号角	20.0
321	2	121	1000	#	0	1	60102	1	5	0	0	20	1	1	#	#	#	#	0	0	0	0.0	号角	5.0
322	2	122	1000	#	0	1	60102	1	5	0	0	20	1	1	#	#	#	#	0	0	0	0.0	号角	5.0
323	2	123	1000	#	0	1	60102	1	5	0	0	20	1	1	#	#	#	#	0	0	0	0.0	号角	5.0
324	2	124	1000	#	0	1	60102	1	5	0	0	20	1	1	#	#	#	#	0	0	0	0.0	号角	5.0
325	2	125	1000	#	0	1	60102	1	10	1	0	20	1	1	#	#	#	#	0	1	0	0.0	号角	10.0
326	2	126	1000	#	0	1	60102	1	5	0	0	20	1	1	#	#	#	#	0	0	0	0.0	号角	5.0
327	2	127	1000	#	0	1	60102	1	5	0	0	20	1	1	#	#	#	#	0	0	0	0.0	号角	5.0
328	2	128	1000	#	0	1	60102	1	5	0	0	20	1	1	#	#	#	#	0	0	0	0.0	号角	5.0
329	2	129	1000	#	0	1	60102	1	5	0	0	20	1	1	#	#	#	#	0	0	0	0.0	号角	5.0
330	2	130	1000	#	0	1	60102	1	10	1	0	20	1	1	#	#	#	#	0	1	0	0.0	号角	10.0
331	2	131	1000	#	0	1	60102	1	5	0	0	20	1	1	#	#	#	#	0	0	0	0.0	号角	5.0
332	2	132	1000	#	0	1	60102	1	5	0	0	20	1	1	#	#	#	#	0	0	0	0.0	号角	5.0
333	2	133	1000	#	0	1	60102	1	5	0	0	20	1	1	#	#	#	#	0	0	0	0.0	号角	5.0
334	2	134	1000	#	0	1	60102	1	5	0	0	20	1	1	#	#	#	#	0	0	0	0.0	号角	5.0
335	2	135	1000	#	0	1	60102	1	10	1	0	20	1	1	#	#	#	#	0	1	0	0.0	号角	10.0
336	2	136	1000	#	0	1	60102	1	5	0	0	20	1	1	#	#	#	#	0	0	0	0.0	号角	5.0
337	2	137	1000	#	0	1	60102	1	5	0	0	20	1	1	#	#	#	#	0	0	0	0.0	号角	5.0
338	2	138	1000	#	0	1	60102	1	5	0	0	20	1	1	#	#	#	#	0	0	0	0.0	号角	5.0
339	2	139	1000	#	0	1	60102	1	5	0	0	20	1	1	#	#	#	#	0	0	0	0.0	号角	5.0
340	2	140	1000	#	0	1	60102	1	10	1	0	20	1	1	#	#	#	#	0	1	0	0.0	号角	10.0
341	2	141	1000	#	0	1	60102	1	5	0	0	20	1	1	#	#	#	#	0	0	0	0.0	号角	5.0
342	2	142	1000	#	0	1	60102	1	5	0	0	20	1	1	#	#	#	#	0	0	0	0.0	号角	5.0
343	2	143	1000	#	0	1	60102	1	5	0	0	20	1	1	#	#	#	#	0	0	0	0.0	号角	5.0
344	2	144	1000	#	0	1	60102	1	5	0	0	20	1	1	#	#	#	#	0	0	0	0.0	号角	5.0
345	2	145	1000	#	0	1	60102	1	10	1	0	20	1	1	#	#	#	#	0	1	0	0.0	号角	10.0
346	2	146	1000	#	0	1	60102	1	5	0	0	20	1	1	#	#	#	#	0	0	0	0.0	号角	5.0
347	2	147	1000	#	0	1	60102	1	5	0	0	20	1	1	#	#	#	#	0	0	0	0.0	号角	5.0
348	2	148	1000	#	0	1	60102	1	5	0	0	20	1	1	#	#	#	#	0	0	0	0.0	号角	5.0
349	2	149	1000	#	0	1	60102	1	5	0	0	20	1	1	#	#	#	#	0	0	0	0.0	号角	5.0
350	2	150	1000	#	0	1	60102	1	10	1	0	20	1	1	#	#	#	#	0	1	0	0.0	号角	10.0
351	2	151	1000	#	0	1	60102	1	5	0	0	20	1	1	#	#	#	#	0	0	0	0.0	号角	5.0
352	2	152	1000	#	0	1	60102	1	5	0	0	20	1	1	#	#	#	#	0	0	0	0.0	号角	5.0
353	2	153	1000	#	0	1	60102	1	5	0	0	20	1	1	#	#	#	#	0	0	0	0.0	号角	5.0
354	2	154	1000	#	0	1	60102	1	5	0	0	20	1	1	#	#	#	#	0	0	0	0.0	号角	5.0
355	2	155	1000	#	0	1	60102	1	10	1	0	20	1	1	#	#	#	#	0	1	0	0.0	号角	10.0
356	2	156	1000	#	0	1	60102	1	5	0	0	20	1	1	#	#	#	#	0	0	0	0.0	号角	5.0
357	2	157	1000	#	0	1	60102	1	5	0	0	20	1	1	#	#	#	#	0	0	0	0.0	号角	5.0
358	2	158	1000	#	0	1	60102	1	5	0	0	20	1	1	#	#	#	#	0	0	0	0.0	号角	5.0
359	2	159	1000	#	0	1	60102	1	5	0	0	20	1	1	#	#	#	#	0	0	0	0.0	号角	5.0
360	2	160	1000	#	0	1	60102	1	10	1	0	20	1	1	#	#	#	#	0	1	0	0.0	号角	10.0
361	2	161	1000	#	0	1	60102	1	5	0	0	20	1	1	#	#	#	#	0	0	0	0.0	号角	5.0
362	2	162	1000	#	0	1	60102	1	5	0	0	20	1	1	#	#	#	#	0	0	0	0.0	号角	5.0
363	2	163	1000	#	0	1	60102	1	5	0	0	20	1	1	#	#	#	#	0	0	0	0.0	号角	5.0
364	2	164	1000	#	0	1	60102	1	5	0	0	20	1	1	#	#	#	#	0	0	0	0.0	号角	5.0
365	2	165	1000	#	0	1	60102	1	10	1	0	20	1	1	#	#	#	#	0	1	0	0.0	号角	10.0
366	2	166	1000	#	0	1	60102	1	5	0	0	20	1	1	#	#	#	#	0	0	0	0.0	号角	5.0
367	2	167	1000	#	0	1	60102	1	5	0	0	20	1	1	#	#	#	#	0	0	0	0.0	号角	5.0
368	2	168	1000	#	0	1	60102	1	5	0	0	20	1	1	#	#	#	#	0	0	0	0.0	号角	5.0
369	2	169	1000	#	0	1	60102	1	5	0	0	20	1	1	#	#	#	#	0	0	0	0.0	号角	5.0
370	2	170	1000	#	0	1	60102	1	10	1	0	20	1	1	#	#	#	#	0	1	0	0.0	号角	10.0
371	2	171	1000	#	0	1	60102	1	5	0	0	20	1	1	#	#	#	#	0	0	0	0.0	号角	5.0
372	2	172	1000	#	0	1	60102	1	5	0	0	20	1	1	#	#	#	#	0	0	0	0.0	号角	5.0
373	2	173	1000	#	0	1	60102	1	5	0	0	20	1	1	#	#	#	#	0	0	0	0.0	号角	5.0
374	2	174	1000	#	0	1	60102	1	5	0	0	20	1	1	#	#	#	#	0	0	0	0.0	号角	5.0
375	2	175	1000	#	0	1	60102	1	10	1	0	20	1	1	#	#	#	#	0	1	0	0.0	号角	10.0
376	2	176	1000	#	0	1	60102	1	5	0	0	20	1	1	#	#	#	#	0	0	0	0.0	号角	5.0
377	2	177	1000	#	0	1	60102	1	5	0	0	20	1	1	#	#	#	#	0	0	0	0.0	号角	5.0
378	2	178	1000	#	0	1	60102	1	5	0	0	20	1	1	#	#	#	#	0	0	0	0.0	号角	5.0
379	2	179	1000	#	0	1	60102	1	5	0	0	20	1	1	#	#	#	#	0	0	0	0.0	号角	5.0
380	2	180	1000	#	0	1	60102	1	10	1	0	20	1	1	#	#	#	#	0	1	0	0.0	号角	10.0
381	2	181	1000	#	0	1	60102	1	5	0	0	20	1	1	#	#	#	#	0	0	0	0.0	号角	5.0
382	2	182	1000	#	0	1	60102	1	5	0	0	20	1	1	#	#	#	#	0	0	0	0.0	号角	5.0
383	2	183	1000	#	0	1	60102	1	5	0	0	20	1	1	#	#	#	#	0	0	0	0.0	号角	5.0
384	2	184	1000	#	0	1	60102	1	5	0	0	20	1	1	#	#	#	#	0	0	0	0.0	号角	5.0
385	2	185	1000	#	0	1	60102	1	10	1	0	20	1	1	#	#	#	#	0	1	0	0.0	号角	10.0
386	2	186	1000	#	0	1	60102	1	5	0	0	20	1	1	#	#	#	#	0	0	0	0.0	号角	5.0
387	2	187	1000	#	0	1	60102	1	5	0	0	20	1	1	#	#	#	#	0	0	0	0.0	号角	5.0
388	2	188	1000	#	0	1	60102	1	5	0	0	20	1	1	#	#	#	#	0	0	0	0.0	号角	5.0
389	2	189	1000	#	0	1	60102	1	5	0	0	20	1	1	#	#	#	#	0	0	0	0.0	号角	5.0
390	2	190	1000	#	0	1	60102	1	10	1	0	20	1	1	#	#	#	#	0	1	0	0.0	号角	10.0
391	2	191	1000	#	0	1	60102	1	5	0	0	20	1	1	#	#	#	#	0	0	0	0.0	号角	5.0
392	2	192	1000	#	0	1	60102	1	5	0	0	20	1	1	#	#	#	#	0	0	0	0.0	号角	5.0
393	2	193	1000	#	0	1	60102	1	5	0	0	20	1	1	#	#	#	#	0	0	0	0.0	号角	5.0
394	2	194	1000	#	0	1	60102	1	5	0	0	20	1	1	#	#	#	#	0	0	0	0.0	号角	5.0
395	2	195	1000	#	0	1	60102	1	10	1	0	20	1	1	#	#	#	#	0	1	0	0.0	号角	10.0
396	2	196	1000	#	0	1	60102	1	5	0	0	20	1	1	#	#	#	#	0	0	0	0.0	号角	5.0
397	2	197	1000	#	0	1	60102	1	5	0	0	20	1	1	#	#	#	#	0	0	0	0.0	号角	5.0
398	2	198	1000	#	0	1	60102	1	5	0	0	20	1	1	#	#	#	#	0	0	0	0.0	号角	5.0
399	2	199	1000	#	0	1	60102	1	5	0	0	20	1	1	#	#	#	#	0	0	0	0.0	号角	5.0
400	2	200	1000	#	0	1	60102	1	20	1	0	20	1	1	#	#	#	#	0	1	0	0.0	号角	20.0
401	3	1	1000	60102	10	1	60425	1	1	1	0	20	1	2	#	#	#	#	0	1	号角	10.0	冰冻刀光	1.0
402	3	2	1000	60212	1	1	60217	1	1	0	2	20	1	1	#	#	#	#	0	0	经验翻倍6h	1.0	快速复活24h	1.0
403	3	3	1000	60102	10	1	60306	1	1	0	2	20	1	1	#	#	#	#	0	0	号角	10.0	火剑Ⅰ	1.0
404	3	4	1000	60101	10	1	60101	1	15	0	1	20	1	1	#	#	#	#	0	0	钥匙	10.0	钥匙	15.0
405	3	5	1000	60102	10	1	60102	1	50	0	0	20	1	1	#	#	#	#	0	0	号角	10.0	号角	50.0
406	3	6	1000	60202	1	1	60213	1	1	0	1	20	1	1	#	#	#	#	0	0	生命值强化2h	1.0	道具特权24h	1.0
407	3	7	1000	60102	10	1	60102	1	10	0	0	20	1	1	#	#	#	#	0	0	号角	10.0	号角	10.0
408	3	8	1000	60103	1	1	60103	1	1	0	0	20	1	1	#	#	#	#	0	0	黄金宝箱	1.0	黄金宝箱	1.0
409	3	9	1000	60101	10	1	60101	1	15	0	0	20	1	1	#	#	#	#	0	0	钥匙	10.0	钥匙	15.0
410	3	10	1000	601002	1	1	60354	1	1	1	1	20	1	1	#	#	#	#	1	1	部落勇士	1.0	击退Ⅲ	1.0
411	3	11	1000	60101	15	1	60101	1	20	0	2	20	1	1	#	#	#	#	0	0	钥匙	15.0	钥匙	20.0
412	3	12	1000	60206	1	1	60102	1	10	0	0	20	1	1	#	#	#	#	0	0	经验翻倍2h	1.0	号角	10.0
413	3	13	1000	60102	10	1	60103	1	2	0	0	20	1	1	#	#	#	#	0	0	号角	10.0	黄金宝箱	2.0
414	3	14	1000	60101	15	1	60101	1	20	0	0	20	1	1	#	#	#	#	0	0	钥匙	15.0	钥匙	20.0
415	3	15	1000	60102	10	1	60317	1	1	0	0	20	1	1	#	#	#	#	0	0	号角	10.0	铁锭Ⅰ	1.0
416	3	16	1000	60101	15	1	60101	1	20	0	2	20	1	1	#	#	#	#	0	0	钥匙	15.0	钥匙	20.0
417	3	17	1000	60205	1	1	60306	1	1	0	0	20	1	1	#	#	#	#	0	0	快速复活2h	1.0	火剑Ⅰ	1.0
418	3	18	1000	60102	10	1	60102	1	10	0	0	20	1	1	#	#	#	#	0	0	号角	10.0	号角	10.0
419	3	19	1000	60103	1	1	60103	1	2	0	0	20	1	1	#	#	#	#	0	0	黄金宝箱	1.0	黄金宝箱	2.0
420	3	20	1000	60102	10	1	60311	1	1	0	0	20	1	1	#	#	#	#	0	0	号角	10.0	成长Ⅰ	1.0
421	3	21	1000	60102	10	1	60306	1	1	0	0	20	1	1	#	#	#	#	0	0	号角	10.0	火剑Ⅰ	1.0
422	3	22	1000	60206	1	1	60214	1	1	0	0	20	1	1	#	#	#	#	0	0	经验翻倍2h	1.0	生命值强化24h	1.0
423	3	23	1000	60102	10	1	60103	1	2	0	0	20	1	1	#	#	#	#	0	0	号角	10.0	黄金宝箱	2.0
424	3	24	1000	60101	15	1	60101	1	20	0	0	20	1	1	#	#	#	#	0	0	钥匙	15.0	钥匙	20.0
425	3	25	1000	60428	1	1	60424	1	1	1	0	20	2	3	#	#	g1008_pet_12.actor	taunt	1	1	绿箭	1.0	皇牌飞行猪	1.0
426	3	26	1000	60101	15	1	60101	1	20	0	1	20	1	1	#	#	#	#	0	0	钥匙	15.0	钥匙	20.0
427	3	27	1000	60201	1	1	60102	1	10	0	0	20	1	1	#	#	#	#	0	0	道具特权2h	1.0	号角	10.0
428	3	28	1000	60102	10	1	60319	1	1	0	0	20	1	1	#	#	#	#	0	0	号角	10.0	铁墓Ⅰ	1.0
429	3	29	1000	60103	1	1	60103	1	1	0	0	20	1	1	#	#	#	#	0	0	黄金宝箱	1.0	黄金宝箱	1.0
430	3	30	1000	60103	20	1	60104	1	2	1	0	20	1	1	#	#	#	#	0	1	黄金宝箱	20.0	钻石宝箱	2.0
431	3	31	1000	#	0	1	60101	1	25	0	2	20	1	1	#	#	#	#	0	0	0	0.0	钥匙	25.0
432	3	32	1000	60101	20	1	60102	1	10	0	0	20	1	1	#	#	#	#	0	0	钥匙	20.0	号角	10.0
433	3	33	1000	#	0	1	60207	1	1	0	0	20	1	1	#	#	#	#	0	0	0	0.0	道具特权6h	1.0
434	3	34	1000	60101	20	1	60101	1	25	0	0	20	1	1	#	#	#	#	0	0	钥匙	20.0	钥匙	25.0
435	3	35	1000	60102	10	1	60102	1	10	0	0	20	1	1	#	#	#	#	0	0	号角	10.0	号角	10.0
436	3	36	1000	#	0	1	60101	1	25	0	0	20	1	1	#	#	#	#	0	0	0	0.0	钥匙	25.0
437	3	37	1000	60202	1	1	60103	1	2	0	0	20	1	1	#	#	#	#	0	0	生命值强化2h	1.0	黄金宝箱	2.0
438	3	38	1000	#	0	1	60101	1	25	0	0	20	1	1	#	#	#	#	0	0	0	0.0	钥匙	25.0
439	3	39	1000	60101	20	1	60101	1	25	0	0	20	1	1	#	#	#	#	0	0	钥匙	20.0	钥匙	25.0
440	3	40	1000	60218	1	1	60102	1	10	0	0	20	1	1	#	#	#	#	0	0	经验翻倍24h	1.0	号角	10.0
441	3	41	1000	#	0	1	60101	1	25	0	0	20	1	1	#	#	#	#	0	0	0	0.0	钥匙	25.0
442	3	42	1000	60101	20	1	60102	1	10	0	0	20	1	1	#	#	#	#	0	0	钥匙	20.0	号角	10.0
443	3	43	1000	#	0	1	60211	1	1	0	0	20	1	1	#	#	#	#	0	0	0	0.0	快速复活6h	1.0
444	3	44	1000	60103	1	1	60103	1	2	0	0	20	1	1	#	#	#	#	0	0	黄金宝箱	1.0	黄金宝箱	2.0
445	3	45	1000	60104	2	1	60354	1	1	1	0	20	1	1	#	#	#	#	1	1	钻石宝箱	2.0	击退Ⅲ	1.0
446	3	46	1000	#	0	1	60101	1	25	0	1	20	1	1	#	#	#	#	0	0	0	0.0	钥匙	25.0
447	3	47	1000	60205	1	1	60103	1	2	0	0	20	1	1	#	#	#	#	0	0	快速复活2h	1.0	黄金宝箱	2.0
448	3	48	1000	#	0	1	60319	1	1	0	0	20	1	1	#	#	#	#	0	0	0	0.0	铁墓Ⅰ	1.0
449	3	49	1000	60101	20	1	60101	1	25	0	0	20	1	1	#	#	#	#	0	0	钥匙	20.0	钥匙	25.0
450	3	50	1000	60102	10	1	60102	1	10	0	0	20	1	1	#	#	#	#	0	0	号角	10.0	号角	10.0
451	3	51	1000	#	0	1	60101	1	25	0	2	20	1	1	#	#	#	#	0	0	0	0.0	钥匙	25.0
452	3	52	1000	60101	20	1	60101	1	25	0	0	20	1	1	#	#	#	#	0	0	钥匙	20.0	钥匙	25.0
453	3	53	1000	#	0	1	60102	1	10	0	0	20	1	1	#	#	#	#	0	0	0	0.0	号角	10.0
454	3	54	1000	60201	1	1	60218	1	1	0	0	20	1	1	#	#	#	#	0	0	道具特权2h	1.0	经验翻倍24h	1.0
455	3	55	1000	60102	20	1	60102	1	10	0	0	20	1	1	#	#	#	#	0	0	号角	20.0	号角	10.0
456	3	56	1000	#	0	1	60101	1	25	0	2	20	1	1	#	#	#	#	0	0	0	0.0	钥匙	25.0
457	3	57	1000	60102	20	1	60102	1	10	0	0	20	1	1	#	#	#	#	0	0	号角	20.0	号角	10.0
458	3	58	1000	#	0	1	60101	1	25	0	0	20	1	1	#	#	#	#	0	0	0	0.0	钥匙	25.0
459	3	59	1000	60103	1	1	60103	1	2	0	0	20	1	1	#	#	#	#	0	0	黄金宝箱	1.0	黄金宝箱	2.0
460	3	60	1000	60429	1	1	60427	1	1	1	0	20	2	1	#	#	#	#	1	1	雷电拖尾	1.0	蹬腿舞	1.0
461	3	61	1000	#	0	1	60311	1	1	0	0	20	1	1	#	#	#	#	0	0	0	0.0	成长Ⅰ	1.0
462	3	62	1000	#	0	1	60101	1	10	0	0	20	1	1	#	#	#	#	0	0	0	0.0	钥匙	10.0
463	3	63	1000	#	0	1	60319	1	1	0	0	20	1	1	#	#	#	#	0	0	0	0.0	铁墓Ⅰ	1.0
464	3	64	1000	#	0	1	60101	1	10	0	0	20	1	1	#	#	#	#	0	0	0	0.0	钥匙	10.0
465	3	65	1000	#	0	1	60102	1	10	0	0	20	1	1	#	#	#	#	0	0	0	0.0	号角	10.0
466	3	66	1000	#	0	1	60101	1	10	0	2	20	1	1	#	#	#	#	0	0	0	0.0	钥匙	10.0
467	3	67	1000	#	0	1	60208	1	1	0	0	20	1	1	#	#	#	#	0	0	0	0.0	生命值强化6h	1.0
468	3	68	1000	#	0	1	60101	1	10	0	0	20	1	1	#	#	#	#	0	0	0	0.0	钥匙	10.0
469	3	69	1000	#	0	1	60101	1	10	0	0	20	1	1	#	#	#	#	0	0	0	0.0	钥匙	10.0
470	3	70	1000	#	0	1	60354	1	1	1	0	20	1	1	#	#	#	#	0	1	0	0.0	击退Ⅲ	1.0
471	3	71	1000	#	0	1	60102	1	10	0	0	20	1	1	#	#	#	#	0	0	0	0.0	号角	10.0
472	3	72	1000	#	0	1	60101	1	10	0	0	20	1	1	#	#	#	#	0	0	0	0.0	钥匙	10.0
473	3	73	1000	#	0	1	60103	1	2	0	0	20	1	1	#	#	#	#	0	0	0	0.0	黄金宝箱	2.0
474	3	74	1000	#	0	1	60317	1	1	0	0	20	1	1	#	#	#	#	0	0	0	0.0	铁锭Ⅰ	1.0
475	3	75	1000	#	0	1	60102	1	10	0	0	20	1	1	#	#	#	#	0	0	0	0.0	号角	10.0
476	3	76	1000	#	0	1	60102	1	10	0	0	20	1	1	#	#	#	#	0	0	0	0.0	号角	10.0
477	3	77	1000	#	0	1	60101	1	10	0	0	20	1	1	#	#	#	#	0	0	0	0.0	钥匙	10.0
478	3	78	1000	#	0	1	60101	1	10	0	0	20	1	1	#	#	#	#	0	0	0	0.0	钥匙	10.0
479	3	79	1000	#	0	1	60101	1	10	0	0	20	1	1	#	#	#	#	0	0	0	0.0	钥匙	10.0
480	3	80	1000	#	0	1	60426	1	1	1	0	20	1	2	#	#	#	#	0	1	0	0.0	彩虹拖尾	1.0
481	3	81	1000	#	0	1	60102	1	5	0	0	20	1	1	#	#	#	#	0	0	0	0.0	号角	5.0
482	3	82	1000	#	0	1	60102	1	5	0	0	20	1	1	#	#	#	#	0	0	0	0.0	号角	5.0
483	3	83	1000	#	0	1	60102	1	5	0	0	20	1	1	#	#	#	#	0	0	0	0.0	号角	5.0
484	3	84	1000	#	0	1	60102	1	5	0	0	20	1	1	#	#	#	#	0	0	0	0.0	号角	5.0
485	3	85	1000	#	0	1	60102	1	10	1	0	20	1	1	#	#	#	#	0	1	0	0.0	号角	10.0
486	3	86	1000	#	0	1	60102	1	5	0	0	20	1	1	#	#	#	#	0	0	0	0.0	号角	5.0
487	3	87	1000	#	0	1	60102	1	5	0	0	20	1	1	#	#	#	#	0	0	0	0.0	号角	5.0
488	3	88	1000	#	0	1	60102	1	5	0	0	20	1	1	#	#	#	#	0	0	0	0.0	号角	5.0
489	3	89	1000	#	0	1	60102	1	5	0	0	20	1	1	#	#	#	#	0	0	0	0.0	号角	5.0
490	3	90	1000	#	0	1	60102	1	10	1	0	20	1	1	#	#	#	#	0	1	0	0.0	号角	10.0
491	3	91	1000	#	0	1	60102	1	5	0	0	20	1	1	#	#	#	#	0	0	0	0.0	号角	5.0
492	3	92	1000	#	0	1	60102	1	5	0	0	20	1	1	#	#	#	#	0	0	0	0.0	号角	5.0
493	3	93	1000	#	0	1	60102	1	5	0	0	20	1	1	#	#	#	#	0	0	0	0.0	号角	5.0
494	3	94	1000	#	0	1	60102	1	5	0	0	20	1	1	#	#	#	#	0	0	0	0.0	号角	5.0
495	3	95	1000	#	0	1	60102	1	10	1	0	20	1	1	#	#	#	#	0	1	0	0.0	号角	10.0
496	3	96	1000	#	0	1	60102	1	5	0	0	20	1	1	#	#	#	#	0	0	0	0.0	号角	5.0
497	3	97	1000	#	0	1	60102	1	5	0	0	20	1	1	#	#	#	#	0	0	0	0.0	号角	5.0
498	3	98	1000	#	0	1	60102	1	5	0	0	20	1	1	#	#	#	#	0	0	0	0.0	号角	5.0
499	3	99	1000	#	0	1	60102	1	5	0	0	20	1	1	#	#	#	#	0	0	0	0.0	号角	5.0
500	3	100	1000	#	0	1	60102	1	10	1	0	20	1	1	#	#	#	#	0	1	0	0.0	号角	10.0
501	3	101	1000	#	0	1	60102	1	5	0	2	20	1	1	#	#	#	#	0	0	0	0.0	号角	5.0
502	3	102	1000	#	0	1	60102	1	5	0	0	20	1	1	#	#	#	#	0	0	0	0.0	号角	5.0
503	3	103	1000	#	0	1	60102	1	5	0	0	20	1	1	#	#	#	#	0	0	0	0.0	号角	5.0
504	3	104	1000	#	0	1	60102	1	5	0	0	20	1	1	#	#	#	#	0	0	0	0.0	号角	5.0
505	3	105	1000	#	0	1	60102	1	10	1	0	20	1	1	#	#	#	#	0	1	0	0.0	号角	10.0
506	3	106	1000	#	0	1	60102	1	5	0	0	20	1	1	#	#	#	#	0	0	0	0.0	号角	5.0
507	3	107	1000	#	0	1	60102	1	5	0	0	20	1	1	#	#	#	#	0	0	0	0.0	号角	5.0
508	3	108	1000	#	0	1	60102	1	5	0	0	20	1	1	#	#	#	#	0	0	0	0.0	号角	5.0
509	3	109	1000	#	0	1	60102	1	5	0	0	20	1	1	#	#	#	#	0	0	0	0.0	号角	5.0
510	3	110	1000	#	0	1	60102	1	10	1	0	20	1	1	#	#	#	#	0	1	0	0.0	号角	10.0
511	3	111	1000	#	0	1	60102	1	5	0	0	20	1	1	#	#	#	#	0	0	0	0.0	号角	5.0
512	3	112	1000	#	0	1	60102	1	5	0	0	20	1	1	#	#	#	#	0	0	0	0.0	号角	5.0
513	3	113	1000	#	0	1	60102	1	5	0	0	20	1	1	#	#	#	#	0	0	0	0.0	号角	5.0
514	3	114	1000	#	0	1	60102	1	5	0	0	20	1	1	#	#	#	#	0	0	0	0.0	号角	5.0
515	3	115	1000	#	0	1	60102	1	10	1	0	20	1	1	#	#	#	#	0	1	0	0.0	号角	10.0
516	3	116	1000	#	0	1	60102	1	5	0	0	20	1	1	#	#	#	#	0	0	0	0.0	号角	5.0
517	3	117	1000	#	0	1	60102	1	5	0	0	20	1	1	#	#	#	#	0	0	0	0.0	号角	5.0
518	3	118	1000	#	0	1	60102	1	5	0	0	20	1	1	#	#	#	#	0	0	0	0.0	号角	5.0
519	3	119	1000	#	0	1	60102	1	5	0	0	20	1	1	#	#	#	#	0	0	0	0.0	号角	5.0
520	3	120	1000	#	0	1	60102	1	20	1	0	20	1	1	#	#	#	#	0	1	0	0.0	号角	20.0
521	3	121	1000	#	0	1	60102	1	5	0	0	20	1	1	#	#	#	#	0	0	0	0.0	号角	5.0
522	3	122	1000	#	0	1	60102	1	5	0	0	20	1	1	#	#	#	#	0	0	0	0.0	号角	5.0
523	3	123	1000	#	0	1	60102	1	5	0	0	20	1	1	#	#	#	#	0	0	0	0.0	号角	5.0
524	3	124	1000	#	0	1	60102	1	5	0	0	20	1	1	#	#	#	#	0	0	0	0.0	号角	5.0
525	3	125	1000	#	0	1	60102	1	10	1	0	20	1	1	#	#	#	#	0	1	0	0.0	号角	10.0
526	3	126	1000	#	0	1	60102	1	5	0	0	20	1	1	#	#	#	#	0	0	0	0.0	号角	5.0
527	3	127	1000	#	0	1	60102	1	5	0	0	20	1	1	#	#	#	#	0	0	0	0.0	号角	5.0
528	3	128	1000	#	0	1	60102	1	5	0	0	20	1	1	#	#	#	#	0	0	0	0.0	号角	5.0
529	3	129	1000	#	0	1	60102	1	5	0	0	20	1	1	#	#	#	#	0	0	0	0.0	号角	5.0
530	3	130	1000	#	0	1	60102	1	10	1	0	20	1	1	#	#	#	#	0	1	0	0.0	号角	10.0
531	3	131	1000	#	0	1	60102	1	5	0	0	20	1	1	#	#	#	#	0	0	0	0.0	号角	5.0
532	3	132	1000	#	0	1	60102	1	5	0	0	20	1	1	#	#	#	#	0	0	0	0.0	号角	5.0
533	3	133	1000	#	0	1	60102	1	5	0	0	20	1	1	#	#	#	#	0	0	0	0.0	号角	5.0
534	3	134	1000	#	0	1	60102	1	5	0	0	20	1	1	#	#	#	#	0	0	0	0.0	号角	5.0
535	3	135	1000	#	0	1	60102	1	10	1	0	20	1	1	#	#	#	#	0	1	0	0.0	号角	10.0
536	3	136	1000	#	0	1	60102	1	5	0	0	20	1	1	#	#	#	#	0	0	0	0.0	号角	5.0
537	3	137	1000	#	0	1	60102	1	5	0	0	20	1	1	#	#	#	#	0	0	0	0.0	号角	5.0
538	3	138	1000	#	0	1	60102	1	5	0	0	20	1	1	#	#	#	#	0	0	0	0.0	号角	5.0
539	3	139	1000	#	0	1	60102	1	5	0	0	20	1	1	#	#	#	#	0	0	0	0.0	号角	5.0
540	3	140	1000	#	0	1	60102	1	10	1	0	20	1	1	#	#	#	#	0	1	0	0.0	号角	10.0
541	3	141	1000	#	0	1	60102	1	5	0	0	20	1	1	#	#	#	#	0	0	0	0.0	号角	5.0
542	3	142	1000	#	0	1	60102	1	5	0	0	20	1	1	#	#	#	#	0	0	0	0.0	号角	5.0
543	3	143	1000	#	0	1	60102	1	5	0	0	20	1	1	#	#	#	#	0	0	0	0.0	号角	5.0
544	3	144	1000	#	0	1	60102	1	5	0	0	20	1	1	#	#	#	#	0	0	0	0.0	号角	5.0
545	3	145	1000	#	0	1	60102	1	10	1	0	20	1	1	#	#	#	#	0	1	0	0.0	号角	10.0
546	3	146	1000	#	0	1	60102	1	5	0	0	20	1	1	#	#	#	#	0	0	0	0.0	号角	5.0
547	3	147	1000	#	0	1	60102	1	5	0	0	20	1	1	#	#	#	#	0	0	0	0.0	号角	5.0
548	3	148	1000	#	0	1	60102	1	5	0	0	20	1	1	#	#	#	#	0	0	0	0.0	号角	5.0
549	3	149	1000	#	0	1	60102	1	5	0	0	20	1	1	#	#	#	#	0	0	0	0.0	号角	5.0
550	3	150	1000	#	0	1	60102	1	10	1	0	20	1	1	#	#	#	#	0	1	0	0.0	号角	10.0
551	3	151	1000	#	0	1	60102	1	5	0	0	20	1	1	#	#	#	#	0	0	0	0.0	号角	5.0
552	3	152	1000	#	0	1	60102	1	5	0	0	20	1	1	#	#	#	#	0	0	0	0.0	号角	5.0
553	3	153	1000	#	0	1	60102	1	5	0	0	20	1	1	#	#	#	#	0	0	0	0.0	号角	5.0
554	3	154	1000	#	0	1	60102	1	5	0	0	20	1	1	#	#	#	#	0	0	0	0.0	号角	5.0
555	3	155	1000	#	0	1	60102	1	10	1	0	20	1	1	#	#	#	#	0	1	0	0.0	号角	10.0
556	3	156	1000	#	0	1	60102	1	5	0	0	20	1	1	#	#	#	#	0	0	0	0.0	号角	5.0
557	3	157	1000	#	0	1	60102	1	5	0	0	20	1	1	#	#	#	#	0	0	0	0.0	号角	5.0
558	3	158	1000	#	0	1	60102	1	5	0	0	20	1	1	#	#	#	#	0	0	0	0.0	号角	5.0
559	3	159	1000	#	0	1	60102	1	5	0	0	20	1	1	#	#	#	#	0	0	0	0.0	号角	5.0
560	3	160	1000	#	0	1	60102	1	10	1	0	20	1	1	#	#	#	#	0	1	0	0.0	号角	10.0
561	3	161	1000	#	0	1	60102	1	5	0	0	20	1	1	#	#	#	#	0	0	0	0.0	号角	5.0
562	3	162	1000	#	0	1	60102	1	5	0	0	20	1	1	#	#	#	#	0	0	0	0.0	号角	5.0
563	3	163	1000	#	0	1	60102	1	5	0	0	20	1	1	#	#	#	#	0	0	0	0.0	号角	5.0
564	3	164	1000	#	0	1	60102	1	5	0	0	20	1	1	#	#	#	#	0	0	0	0.0	号角	5.0
565	3	165	1000	#	0	1	60102	1	10	1	0	20	1	1	#	#	#	#	0	1	0	0.0	号角	10.0
566	3	166	1000	#	0	1	60102	1	5	0	0	20	1	1	#	#	#	#	0	0	0	0.0	号角	5.0
567	3	167	1000	#	0	1	60102	1	5	0	0	20	1	1	#	#	#	#	0	0	0	0.0	号角	5.0
568	3	168	1000	#	0	1	60102	1	5	0	0	20	1	1	#	#	#	#	0	0	0	0.0	号角	5.0
569	3	169	1000	#	0	1	60102	1	5	0	0	20	1	1	#	#	#	#	0	0	0	0.0	号角	5.0
570	3	170	1000	#	0	1	60102	1	10	1	0	20	1	1	#	#	#	#	0	1	0	0.0	号角	10.0
571	3	171	1000	#	0	1	60102	1	5	0	0	20	1	1	#	#	#	#	0	0	0	0.0	号角	5.0
572	3	172	1000	#	0	1	60102	1	5	0	0	20	1	1	#	#	#	#	0	0	0	0.0	号角	5.0
573	3	173	1000	#	0	1	60102	1	5	0	0	20	1	1	#	#	#	#	0	0	0	0.0	号角	5.0
574	3	174	1000	#	0	1	60102	1	5	0	0	20	1	1	#	#	#	#	0	0	0	0.0	号角	5.0
575	3	175	1000	#	0	1	60102	1	10	1	0	20	1	1	#	#	#	#	0	1	0	0.0	号角	10.0
576	3	176	1000	#	0	1	60102	1	5	0	0	20	1	1	#	#	#	#	0	0	0	0.0	号角	5.0
577	3	177	1000	#	0	1	60102	1	5	0	0	20	1	1	#	#	#	#	0	0	0	0.0	号角	5.0
578	3	178	1000	#	0	1	60102	1	5	0	0	20	1	1	#	#	#	#	0	0	0	0.0	号角	5.0
579	3	179	1000	#	0	1	60102	1	5	0	0	20	1	1	#	#	#	#	0	0	0	0.0	号角	5.0
580	3	180	1000	#	0	1	60102	1	10	1	0	20	1	1	#	#	#	#	0	1	0	0.0	号角	10.0
581	3	181	1000	#	0	1	60102	1	5	0	0	20	1	1	#	#	#	#	0	0	0	0.0	号角	5.0
582	3	182	1000	#	0	1	60102	1	5	0	0	20	1	1	#	#	#	#	0	0	0	0.0	号角	5.0
583	3	183	1000	#	0	1	60102	1	5	0	0	20	1	1	#	#	#	#	0	0	0	0.0	号角	5.0
584	3	184	1000	#	0	1	60102	1	5	0	0	20	1	1	#	#	#	#	0	0	0	0.0	号角	5.0
585	3	185	1000	#	0	1	60102	1	10	1	0	20	1	1	#	#	#	#	0	1	0	0.0	号角	10.0
586	3	186	1000	#	0	1	60102	1	5	0	0	20	1	1	#	#	#	#	0	0	0	0.0	号角	5.0
587	3	187	1000	#	0	1	60102	1	5	0	0	20	1	1	#	#	#	#	0	0	0	0.0	号角	5.0
588	3	188	1000	#	0	1	60102	1	5	0	0	20	1	1	#	#	#	#	0	0	0	0.0	号角	5.0
589	3	189	1000	#	0	1	60102	1	5	0	0	20	1	1	#	#	#	#	0	0	0	0.0	号角	5.0
590	3	190	1000	#	0	1	60102	1	10	1	0	20	1	1	#	#	#	#	0	1	0	0.0	号角	10.0
591	3	191	1000	#	0	1	60102	1	5	0	0	20	1	1	#	#	#	#	0	0	0	0.0	号角	5.0
592	3	192	1000	#	0	1	60102	1	5	0	0	20	1	1	#	#	#	#	0	0	0	0.0	号角	5.0
593	3	193	1000	#	0	1	60102	1	5	0	0	20	1	1	#	#	#	#	0	0	0	0.0	号角	5.0
594	3	194	1000	#	0	1	60102	1	5	0	0	20	1	1	#	#	#	#	0	0	0	0.0	号角	5.0
595	3	195	1000	#	0	1	60102	1	10	1	0	20	1	1	#	#	#	#	0	1	0	0.0	号角	10.0
596	3	196	1000	#	0	1	60102	1	5	0	0	20	1	1	#	#	#	#	0	0	0	0.0	号角	5.0
597	3	197	1000	#	0	1	60102	1	5	0	0	20	1	1	#	#	#	#	0	0	0	0.0	号角	5.0
598	3	198	1000	#	0	1	60102	1	5	0	0	20	1	1	#	#	#	#	0	0	0	0.0	号角	5.0
599	3	199	1000	#	0	1	60102	1	5	0	0	20	1	1	#	#	#	#	0	0	0	0.0	号角	5.0
600	3	200	1000	#	0	1	60102	1	20	1	0	20	1	1	#	#	#	#	0	1	0	0.0	号角	20.0
